{  "w":1136,  "h":640,  "name":"floor",  "layers":  [    {      "name":"floor11",      "type":"image",      "style":"",      "x":188,      "y":241,      "w":760,      "h":175,      "pinX":0.5,      "pinY":0.5,      "layer_index":0,      "group":0,      "autoAdd":1,      "packedOrigin":{        "x":1,        "y":1      }    },    {      "name":"floor6",      "type":"image",      "style":"",      "x":188,      "y":241,      "w":760,      "h":163,      "pinX":0.5,      "pinY":0.5,      "layer_index":1,      "group":0,      "autoAdd":1,      "packedOrigin":{        "x":1,        "y":178      }    },    {      "name":"floor5",      "type":"image",      "style":"",      "x":188,      "y":241,      "w":760,      "h":163,      "pinX":0.5,      "pinY":0.5,      "layer_index":2,      "group":0,      "autoAdd":1,      "packedOrigin":{        "x":1,        "y":343      }    },    {      "name":"floor4",      "type":"image",      "style":"",      "x":160,      "y":241,      "w":822,      "h":163,      "pinX":0.5,      "pinY":0.5,      "layer_index":3,      "group":0,      "autoAdd":1,      "packedOrigin":{        "x":1,        "y":508      }    },    {      "name":"floor3",      "type":"image",      "style":"",      "x":188,      "y":241,      "w":760,      "h":163,      "pinX":0.5,      "pinY":0.5,      "layer_index":4,      "group":0,      "autoAdd":1,      "packedOrigin":{        "x":1,        "y":673      }    },    {      "name":"floor2",      "type":"image",      "style":"",      "x":188,      "y":241,      "w":760,      "h":175,      "pinX":0.5,      "pinY":0.5,      "layer_index":5,      "group":0,      "autoAdd":1,      "packedOrigin":{        "x":1,        "y":838      }    },    {      "name":"floor1",      "type":"image",      "style":"",      "x":188,      "y":241,      "w":764,      "h":176,      "pinX":0.5,      "pinY":0.5,      "layer_index":6,      "group":0,      "autoAdd":1,      "packedOrigin":{        "x":1,        "y":1015      }    }  ],  "EN":  [  ],  "atlas":{    "w":1024,    "h":2048  }}