{  "w":1136,  "h":640,  "name":"intro",  "layers":  [    {      "name":"title",      "type":"image",      "style":"",      "x":257,      "y":171,      "w":627,      "h":83,      "pinX":0.5,      "pinY":0.5,      "layer_index":0,      "group":0,      "autoAdd":1,      "packedOrigin":{        "x":1,        "y":1      }    },    {      "name":"line",      "type":"image",      "style":"",      "x":188,      "y":320,      "w":760,      "h":1,      "pinX":0.5,      "pinY":0.5,      "layer_index":1,      "group":0,      "autoAdd":1,      "packedOrigin":{        "x":1,        "y":86      }    },    {      "name":"controls",      "type":"image",      "style":"",      "x":477,      "y":562,      "w":180,      "h":68,      "pinX":0.5,      "pinY":0.5,      "layer_index":2,      "group":0,      "autoAdd":1,      "packedOrigin":{        "x":630,        "y":1      }    }  ],  "EN":  [  ],  "atlas":{    "w":1024,    "h":512  }}