{  "w":1136,  "h":640,  "name":"ui",  "layers":  [    {      "name":"compass",      "type":"image",      "style":"",      "x":1051,      "y":8,      "w":75,      "h":75,      "pinX":0.5,      "pinY":0.5,      "layer_index":0,      "group":0,      "autoAdd":1,      "packedOrigin":{        "x":1,        "y":1      }    },    {      "name":"respawn",      "type":"image",      "style":"",      "x":338,      "y":20,      "w":145,      "h":23,      "pinX":0.5,      "pinY":0.5,      "layer_index":1,      "group":0,      "autoAdd":1,      "packedOrigin":{        "x":78,        "y":1      }    },    {      "name":"music",      "type":"image",      "style":"",      "x":216,      "y":20,      "w":97,      "h":23,      "pinX":0.5,      "pinY":0.5,      "layer_index":2,      "group":0,      "autoAdd":1,      "packedOrigin":{        "x":78,        "y":26      }    },    {      "name":"sound",      "type":"image",      "style":"",      "x":80,      "y":20,      "w":114,      "h":23,      "pinX":0.5,      "pinY":0.5,      "layer_index":3,      "group":0,      "autoAdd":1,      "packedOrigin":{        "x":1,        "y":78      }    },    {      "name":"menu",      "type":"image",      "style":"",      "x":18,      "y":18,      "w":40,      "h":29,      "pinX":0.5,      "pinY":0.5,      "layer_index":4,      "group":0,      "autoAdd":1,      "packedOrigin":{        "x":177,        "y":26      }    }  ],  "EN":  [  ],  "atlas":{    "w":256,    "h":256  }}